{"Packages":[{"Package":{"Id":"UiPath.Excel.Activities","Version":"2.6.2"},"Assemblies":["C:\\Users\\my\\.nuget\\packages\\closedxml/0.87.1\\lib/net40/ClosedXML.dll","C:\\Users\\my\\.nuget\\packages\\csvhelper/2.13.5\\lib/net40-client/CsvHelper.dll","C:\\Users\\my\\.nuget\\packages\\documentformat.openxml/2.5.0\\lib/DocumentFormat.OpenXml.dll","C:\\Users\\my\\.nuget\\packages\\microsoft.visualstudio.ole.interop/7.10.6071\\lib/Microsoft.VisualStudio.OLE.Interop.dll","C:\\Users\\my\\.nuget\\packages\\npoi/2.4.1\\lib/net45/NPOI.OOXML.dll","C:\\Users\\my\\.nuget\\packages\\npoi/2.4.1\\lib/net45/NPOI.OpenXml4Net.dll","C:\\Users\\my\\.nuget\\packages\\npoi/2.4.1\\lib/net45/NPOI.OpenXmlFormats.dll","C:\\Users\\my\\.nuget\\packages\\npoi/2.4.1\\lib/net45/NPOI.dll","C:\\Users\\my\\.nuget\\packages\\sharpziplib/1.0.0\\lib/net45/ICSharpCode.SharpZipLib.dll","C:\\Users\\my\\.nuget\\packages\\uipath.excel.activities/2.6.2\\lib/net461/UiPath.Excel.Activities.Design.dll","C:\\Users\\my\\.nuget\\packages\\uipath.excel.activities/2.6.2\\lib/net461/UiPath.Excel.Activities.dll","C:\\Users\\my\\.nuget\\packages\\uipath.excel.activities/2.6.2\\lib/net461/UiPath.Excel.dll"]},{"Package":{"Id":"UiPath.Mail.Activities","Version":"1.5.0"},"Assemblies":["C:\\Users\\my\\.nuget\\packages\\bouncycastle/1.8.1\\lib/BouncyCastle.Crypto.dll","C:\\Users\\my\\.nuget\\packages\\interop.domino.dll/1.0.0\\lib/Interop.Domino.dll","C:\\Users\\my\\.nuget\\packages\\microsoft.exchange.webservices/2.2.0\\lib/40/Microsoft.Exchange.WebServices.Auth.dll","C:\\Users\\my\\.nuget\\packages\\microsoft.exchange.webservices/2.2.0\\lib/40/Microsoft.Exchange.WebServices.dll","C:\\Users\\my\\.nuget\\packages\\uipath.mail.activities/1.5.0\\lib/net452/MailKit.dll","C:\\Users\\my\\.nuget\\packages\\uipath.mail.activities/1.5.0\\lib/net452/MimeKit.dll","C:\\Users\\my\\.nuget\\packages\\uipath.mail.activities/1.5.0\\lib/net452/UiPath.Mail.Activities.Design.dll","C:\\Users\\my\\.nuget\\packages\\uipath.mail.activities/1.5.0\\lib/net452/UiPath.Mail.Activities.dll","C:\\Users\\my\\.nuget\\packages\\uipath.mail.activities/1.5.0\\lib/net452/UiPath.Mail.dll"]},{"Package":{"Id":"UiPath.System.Activities","Version":"19.6.0"},"Assemblies":["C:\\Users\\my\\.nuget\\packages\\csvhelper/2.13.5\\lib/net40-client/CsvHelper.dll","C:\\Users\\my\\.nuget\\packages\\microsoft.aspnet.signalr.client/2.4.0\\lib/net45/Microsoft.AspNet.SignalR.Client.dll","C:\\Users\\my\\.nuget\\packages\\microsoft.rest.clientruntime/2.3.20\\lib/net461/Microsoft.Rest.ClientRuntime.dll","C:\\Users\\my\\.nuget\\packages\\newtonsoft.json/11.0.2\\lib/net45/Newtonsoft.Json.dll","C:\\Users\\my\\.nuget\\packages\\uipath.system.activities/19.6.0\\lib/net461/ActiproSoftware.Docking.Wpf.dll","C:\\Users\\my\\.nuget\\packages\\uipath.system.activities/19.6.0\\lib/net461/ActiproSoftware.Ribbon.Wpf.dll","C:\\Users\\my\\.nuget\\packages\\uipath.system.activities/19.6.0\\lib/net461/ActiproSoftware.Shared.Wpf.dll","C:\\Users\\my\\.nuget\\packages\\uipath.system.activities/19.6.0\\lib/net461/ActiproSoftware.SyntaxEditor.Addons.DotNet.Wpf.dll","C:\\Users\\my\\.nuget\\packages\\uipath.system.activities/19.6.0\\lib/net461/ActiproSoftware.SyntaxEditor.Wpf.dll","C:\\Users\\my\\.nuget\\packages\\uipath.system.activities/19.6.0\\lib/net461/ActiproSoftware.Text.Addons.DotNet.Wpf.dll","C:\\Users\\my\\.nuget\\packages\\uipath.system.activities/19.6.0\\lib/net461/ActiproSoftware.Text.LLParser.Wpf.dll","C:\\Users\\my\\.nuget\\packages\\uipath.system.activities/19.6.0\\lib/net461/ActiproSoftware.Text.Wpf.dll","C:\\Users\\my\\.nuget\\packages\\uipath.system.activities/19.6.0\\lib/net461/ActiproSoftware.Wizard.Wpf.dll","C:\\Users\\my\\.nuget\\packages\\uipath.system.activities/19.6.0\\lib/net461/UiPath.OrchestratorClient.dll","C:\\Users\\my\\.nuget\\packages\\uipath.system.activities/19.6.0\\lib/net461/UiPath.System.Activities.Design.dll","C:\\Users\\my\\.nuget\\packages\\uipath.system.activities/19.6.0\\lib/net461/UiPath.System.Activities.dll"]},{"Package":{"Id":"UiPath.UIAutomation.Activities","Version":"19.6.0"},"Assemblies":["C:\\Users\\my\\.nuget\\packages\\avalonedit/5.0.3\\lib/Net40/ICSharpCode.AvalonEdit.dll","C:\\Users\\my\\.nuget\\packages\\extended.wpf.toolkit/2.8.0\\lib/net40/Xceed.Wpf.AvalonDock.dll","C:\\Users\\my\\.nuget\\packages\\extended.wpf.toolkit/2.8.0\\lib/net40/Xceed.Wpf.AvalonDock.Themes.Aero.dll","C:\\Users\\my\\.nuget\\packages\\extended.wpf.toolkit/2.8.0\\lib/net40/Xceed.Wpf.AvalonDock.Themes.Metro.dll","C:\\Users\\my\\.nuget\\packages\\extended.wpf.toolkit/2.8.0\\lib/net40/Xceed.Wpf.AvalonDock.Themes.VS2010.dll","C:\\Users\\my\\.nuget\\packages\\extended.wpf.toolkit/2.8.0\\lib/net40/Xceed.Wpf.DataGrid.dll","C:\\Users\\my\\.nuget\\packages\\extended.wpf.toolkit/2.8.0\\lib/net40/Xceed.Wpf.Toolkit.dll","C:\\Users\\my\\.nuget\\packages\\humanizer.core/2.4.2\\lib/netstandard2.0/Humanizer.dll","C:\\Users\\my\\.nuget\\packages\\uipath/19.6.7108.25473\\lib/UiPath.Interop.dll","C:\\Users\\my\\.nuget\\packages\\uipath.ocr.contracts/1.0.0\\lib/net45/UiPath.OCR.Contracts.dll","C:\\Users\\my\\.nuget\\packages\\uipath.uiautomation.activities/19.6.0\\lib/net461/ActiproSoftware.DataGrid.Contrib.Wpf.dll","C:\\Users\\my\\.nuget\\packages\\uipath.uiautomation.activities/19.6.0\\lib/net461/ActiproSoftware.Docking.Wpf.dll","C:\\Users\\my\\.nuget\\packages\\uipath.uiautomation.activities/19.6.0\\lib/net461/ActiproSoftware.Editors.Wpf.dll","C:\\Users\\my\\.nuget\\packages\\uipath.uiautomation.activities/19.6.0\\lib/net461/ActiproSoftware.Ribbon.Wpf.dll","C:\\Users\\my\\.nuget\\packages\\uipath.uiautomation.activities/19.6.0\\lib/net461/ActiproSoftware.Shared.Wpf.dll","C:\\Users\\my\\.nuget\\packages\\uipath.uiautomation.activities/19.6.0\\lib/net461/ActiproSoftware.SyntaxEditor.Addons.DotNet.Wpf.dll","C:\\Users\\my\\.nuget\\packages\\uipath.uiautomation.activities/19.6.0\\lib/net461/ActiproSoftware.SyntaxEditor.Wpf.dll","C:\\Users\\my\\.nuget\\packages\\uipath.uiautomation.activities/19.6.0\\lib/net461/ActiproSoftware.Text.Addons.DotNet.Wpf.dll","C:\\Users\\my\\.nuget\\packages\\uipath.uiautomation.activities/19.6.0\\lib/net461/ActiproSoftware.Text.LLParser.Wpf.dll","C:\\Users\\my\\.nuget\\packages\\uipath.uiautomation.activities/19.6.0\\lib/net461/ActiproSoftware.Text.Wpf.dll","C:\\Users\\my\\.nuget\\packages\\uipath.uiautomation.activities/19.6.0\\lib/net461/ActiproSoftware.Wizard.Wpf.dll","C:\\Users\\my\\.nuget\\packages\\uipath.uiautomation.activities/19.6.0\\lib/net461/UiPath.UIAutomation.Activities.Design.dll","C:\\Users\\my\\.nuget\\packages\\uipath.uiautomation.activities/19.6.0\\lib/net461/UiPath.UiAutomation.Activities.dll","C:\\Users\\my\\.nuget\\packages\\uipath.uiautomation.activities/19.6.0\\lib/net461/UiPath.Wizards.dll","C:\\Users\\my\\.nuget\\packages\\uipath.vision/1.6.0\\lib/net452/UiPath.Vision.AbbyyCloud.dll","C:\\Users\\my\\.nuget\\packages\\uipath.vision/1.6.0\\lib/net452/UiPath.Vision.AbbyyFRE11.dll","C:\\Users\\my\\.nuget\\packages\\uipath.vision/1.6.0\\lib/net452/UiPath.Vision.AbbyyFRE12.dll","C:\\Users\\my\\.nuget\\packages\\uipath.vision/1.6.0\\lib/net452/UiPath.Vision.AbbyyFRECommon.dll","C:\\Users\\my\\.nuget\\packages\\uipath.vision/1.6.0\\lib/net452/UiPath.Vision.AzureComputerVision.dll","C:\\Users\\my\\.nuget\\packages\\uipath.vision/1.6.0\\lib/net452/UiPath.Vision.Core.dll","C:\\Users\\my\\.nuget\\packages\\uipath.vision/1.6.0\\lib/net452/UiPath.Vision.dll","C:\\Users\\my\\.nuget\\packages\\uipath.vision/1.6.0\\lib/net452/UiPath.Vision.GoogleCloud.dll","C:\\Users\\my\\.nuget\\packages\\uipath.vision/1.6.0\\lib/net452/UiPath.Vision.Microsoft.dll","C:\\Users\\my\\.nuget\\packages\\uipath.vision/1.6.0\\lib/net452/UiPath.Vision.MicrosoftCloud.dll","C:\\Users\\my\\.nuget\\packages\\uipath.vision/1.6.0\\lib/net452/UiPath.Vision.Tesseract.dll"]}],"Conflicts":[]}